2015-05-19,0.7219,1.1180,3.3653,1.0420
2015-05-22,0.7138,1.1164,3.3931,1.0417
2015-05-25,0.7100,1.0978,3.4250,1.0349
2015-05-26,0.7096,1.0926,3.4121,1.0351
2015-05-27,0.7070,1.0863,3.4335,1.0331
2015-05-28,0.7124,1.0896,3.4373,1.0344
2015-05-29,0.7190,1.0970,3.4522,1.0341
2015-06-01,0.7193,1.0944,3.5066,1.0331
2015-06-02,0.7243,1.1029,3.4735,1.0391
2015-06-03,0.7275,1.1134,3.4937,1.0427
2015-06-04,0.7354,1.1317,3.5498,1.0551
2015-06-05,0.7317,1.1218,3.5189,1.0478
2015-06-09,0.7354,1.1249,3.4925,1.0465
2015-06-08,0.7354,1.1249,3.4925,1.0465
2015-06-11,0.7266,1.1232,3.5479,1.0523
2015-06-12,0.7245,1.1220,3.4720,1.0469
2015-06-15,0.7234,1.1218,3.5134,1.0512
2015-06-16,0.7182,1.1215,3.5150,1.0465
2015-06-17,0.7170,1.1279,3.4952,1.0451
2015-06-18,0.7167,1.1404,3.4778,1.0461
2015-06-19,0.7134,1.1299,3.4665,1.0449
2015-06-22,0.7169,1.1345,3.5089,1.0435
2015-06-23,0.7101,1.1204,3.4655,1.0449
2015-06-24,0.7118,1.1213,3.4442,1.0449
2015-06-25,0.7126,1.1206,3.4689,1.0507
2015-06-26,0.7123,1.1202,3.5157,1.0447
2015-06-29,0.7085,1.1133,3.4959,1.0376
2015-06-30,0.7114,1.1189,3.4699,1.0413
2015-07-01,0.7091,1.1100,3.4451,1.0457
2015-07-02,0.7103,1.1066,3.4850,1.0507
2015-07-03,0.7102,1.1096,3.4584,1.0466
2015-07-06,0.7080,1.1008,3.4659,1.0422
2015-07-07,0.7077,1.0931,3.4547,1.0383
2015-07-08,0.7173,1.1024,3.5334,1.0463
2015-07-09,0.7176,1.1054,3.5677,1.0504
2015-07-10,0.7208,1.1185,3.5626,1.0464
2015-07-13,0.7115,1.1049,3.5091,1.0478
2015-07-14,0.7084,1.1031,3.4515,1.0422
2015-07-15,0.7045,1.1009,3.4606,1.0439
2015-07-16,0.6981,1.0867,3.4219,1.0407
2015-07-17,0.6983,1.0889,3.4455,1.0431
2015-07-20,0.6971,1.0852,3.4666,1.0443
2015-07-21,0.6987,1.0867,3.4680,1.0440
2015-07-22,0.6982,1.0902,3.4816,1.0482
2015-07-23,0.7044,1.0999,3.5932,1.0517
2015-07-24,0.7069,1.0939,3.6466,1.0512
2015-07-27,0.7127,1.1058,3.7354,1.0595
2015-07-28,0.7074,1.1025,3.6916,1.0659
2015-07-29,0.7053,1.1030,3.7163,1.0622
2015-07-30,0.7010,1.0955,3.6735,1.0633
2015-07-31,0.7041,1.0967,3.6974,1.0565
2015-08-03,0.7028,1.0951,3.7824,1.0598
2015-08-04,0.7028,1.0973,3.7718,1.0640
2015-08-05,0.6963,1.0883,3.7721,1.0658
2015-08-06,0.7014,1.0885,3.8273,1.0713
2015-08-07,0.7051,1.0941,3.8579,1.0738
2015-08-10,0.7071,1.0960,3.8559,1.0800
2015-08-11,0.7088,1.1055,3.8366,1.0859
2015-08-12,0.7149,1.1155,3.8597,1.0864
2015-08-13,0.7106,1.1109,3.8793,1.0849
2015-08-14,0.7145,1.1171,3.9100,1.0875
2015-08-17,0.7105,1.1100,3.8851,1.0841
2015-08-18,0.7042,1.1060,3.8564,1.0798
2015-08-19,0.7049,1.1041,3.8404,1.0755
2015-08-20,0.7138,1.1183,3.9190,1.0772
2015-08-21,0.7198,1.1281,3.9161,1.0765
2015-08-24,0.7302,1.1497,4.0935,1.0777
2015-08-25,0.7290,1.1506,4.0621,1.0834
2015-08-26,0.7314,1.1402,4.0954,1.0778
2015-08-27,0.7312,1.1284,4.0435,1.0771
2015-08-28,0.7321,1.1268,4.0171,1.0807
2015-08-31,0.7275,1.1215,4.0671,1.0825
2015-09-01,0.7328,1.1236,4.1066,1.0825
2015-09-02,0.7369,1.1255,4.1992,1.0867
2015-09-03,0.7345,1.1229,4.2672,1.0903
2015-09-04,0.7315,1.1138,4.2066,1.0839
2015-09-07,0.7304,1.1146,4.2798,1.0871
2015-09-08,0.7244,1.1162,4.2346,1.0920
2015-09-09,0.7251,1.1139,4.2340,1.0893
2015-09-10,0.7266,1.1185,4.3489,1.0923
2015-09-11,0.7306,1.1268,4.3272,1.1031
2015-09-14,0.7334,1.1305,4.3678,1.0979
2015-09-15,0.7346,1.1320,4.3486,1.0971
2015-09-16,0.7267,1.1228,4.3134,1.0943
2015-09-18,0.7298,1.1419,4.4370,1.0913
2015-09-21,0.7243,1.1250,4.4529,1.0906
2015-09-22,0.7223,1.1155,4.4809,1.0860
2015-09-23,0.7297,1.1150,4.4794,1.0882
2015-09-24,0.7387,1.1241,4.7304,1.0928
2015-10-07,0.7358,1.1266,4.3238,1.0882
2015-09-25,0.7348,1.1151,4.3383,1.0922
2015-09-28,0.7352,1.1170,4.4787,1.0941
2015-09-29,0.7391,1.1204,4.5834,1.0901
2015-09-30,0.7385,1.1203,4.4808,1.0915
2015-10-01,0.7367,1.1153,4.4023,1.0903
2015-10-02,0.7358,1.1160,4.4680,1.0923
2015-10-05,0.7402,1.1236,4.4059,1.0938
2015-10-06,0.7399,1.1224,4.4209,1.0936
2015-10-08,0.7366,1.1254,4.3574,1.0935
2015-10-09,0.7407,1.1362,4.2601,1.0919
2015-10-12,0.7401,1.1373,4.2818,1.0928
2015-10-13,0.7480,1.1374,4.3271,1.0910
2015-10-14,0.7418,1.1410,4.4198,1.0901
2015-10-15,0.7397,1.1439,4.3425,1.0873
2015-10-16,0.7356,1.1360,4.3792,1.0809
2015-10-19,0.7317,1.1333,4.4185,1.0834
2015-10-20,0.7352,1.1373,4.3898,1.0823
2015-10-21,0.7349,1.1354,4.4577,1.0864
2015-10-22,0.7314,1.1313,4.4791,1.0886
2015-10-23,0.7196,1.1084,4.3168,1.0793
2015-10-26,0.7184,1.1011,4.2481,1.0823
2015-10-27,0.7214,1.1061,4.3377,1.0880
2015-10-28,0.7248,1.1085,4.3062,1.0899
2015-10-29,0.7167,1.0930,4.3022,1.0851
2015-10-30,0.7182,1.1017,4.2724,1.0900
2015-11-02,0.7132,1.1032,4.2724,1.0885
2015-11-03,0.7132,1.0976,4.1813,1.0869
2015-11-04,0.7094,1.0935,4.1035,1.0813
2015-11-05,0.7126,1.0883,4.1364,1.0833
2015-11-06,0.7177,1.0864,4.1206,1.0830
2015-11-09,0.7141,1.0776,4.0896,1.0815
2015-11-10,0.7084,1.0711,4.0627,1.0765
2015-11-11,0.7060,1.0716,4.0013,1.0783
2015-11-12,0.7064,1.0726,4.0793,1.0769
2015-11-13,0.7071,1.0764,4.0847,1.0786
2015-11-16,0.7058,1.0723,4.1144,1.0791
2015-11-17,0.7017,1.0670,4.0684,1.0806
2015-11-18,0.7009,1.0666,4.0563,1.0838
2015-11-19,0.6998,1.0687,4.0154,1.0893
2015-11-20,0.7010,1.0688,3.9660,1.0844
2015-11-23,0.7025,1.0631,3.9654,1.0848
2015-11-24,0.7062,1.0651,3.9550,1.0832
2015-11-25,0.7018,1.0586,3.9890,1.0820
2015-11-26,0.7028,1.0612,3.9935,1.0868
2015-11-27,0.7029,1.0580,3.9359,1.0900
2015-11-30,0.7048,1.0579,4.0709,1.0903
2015-12-01,0.7036,1.0600,4.1255,1.0908
2015-12-02,0.7059,1.0612,4.0884,1.0880
2015-12-03,0.7122,1.0671,4.0476,1.0840
2015-12-04,0.7201,1.0902,4.1180,1.0882
2015-12-07,0.7177,1.0809,4.0425,1.0830
2015-12-08,0.7271,1.0875,4.1297,1.0820
2015-12-09,0.7251,1.0941,4.1247,1.0830
2015-12-10,0.7235,1.0943,4.1177,1.0806
2015-12-11,0.7224,1.0950,4.2190,1.0819
2015-12-14,0.7260,1.0983,4.2883,1.0771
2015-12-15,0.7252,1.0990,4.2609,1.0831
2015-12-16,0.7283,1.0933,4.3042,1.0824
2015-12-17,0.7266,1.0841,4.2031,1.0807
2016-01-11,0.7471,1.0888,4.3786,1.0863
2015-12-18,0.7267,1.0836,4.2265,1.0768
2015-12-21,0.7299,1.0870,4.3219,1.0804
2015-12-22,0.7362,1.0952,4.3619,1.0818
2015-12-23,0.7330,1.0916,4.3311,1.0812
2015-12-24,0.7342,1.0947,4.3142,1.0806
2015-12-28,0.7354,1.0962,4.3034,1.0838
2015-12-29,0.7401,1.0952,4.2187,1.0846
2015-12-30,0.7380,1.0926,4.2590,1.0814
2016-01-12,0.7508,1.0836,4.3704,1.0855
2016-01-13,0.7502,1.0816,4.3214,1.0926
2015-12-31,0.7340,1.0887,4.3117,1.0835
2016-01-04,0.7381,1.0898,4.4023,1.0891
2016-01-05,0.7324,1.0746,4.3023,1.0847
2016-01-06,0.7344,1.0742,4.3331,1.0846
2016-01-07,0.7455,1.0868,4.4001,1.0875
2016-01-08,0.7452,1.0861,4.3685,1.0860
2016-01-14,0.7570,1.0893,4.3730,1.0950
2016-01-15,0.7615,1.0914,4.4139,1.0951
2016-01-18,0.7626,1.0892,4.3929,1.0946
2016-01-19,0.7647,1.0868,4.3758,1.0922
2016-01-20,0.7700,1.0907,4.4559,1.0932
2016-01-21,0.7718,1.0893,4.5230,1.0949
2016-01-22,0.7546,1.0808,4.4550,1.0950
2016-01-25,0.7589,1.0815,4.4276,1.0981
2016-01-26,0.7610,1.0837,4.4465,1.1008
2016-01-27,0.7597,1.0888,4.3963,1.1068
2016-01-28,0.7623,1.0903,4.4753,1.1053
2016-01-29,0.7641,1.0920,4.4294,1.1144
2016-02-01,0.7610,1.0884,4.3511,1.1096
2016-02-02,0.7586,1.0919,4.3565,1.1147
2016-02-03,0.7533,1.0933,4.3280,1.1115
2016-02-04,0.7660,1.1206,4.3486,1.1169
2016-02-08,0.7724,1.1101,4.3245,1.1051
2016-02-05,0.7698,1.1202,4.3454,1.1101
2016-02-09,0.7795,1.1236,4.3741,1.0997
2016-02-10,0.7733,1.1257,4.3758,1.0960
2016-02-11,0.7874,1.1347,4.4836,1.1027
2016-02-12,0.7774,1.1275,4.5087,1.0989
2016-02-15,0.7720,1.1180,4.4567,1.1009
2016-02-16,0.7758,1.1166,4.4833,1.1018
2016-02-17,0.7784,1.1136,4.4866,1.1034
2016-02-18,0.7714,1.1084,4.4527,1.1028
2016-02-19,0.7772,1.1096,4.4854,1.1017
2016-02-22,0.7824,1.1026,4.3755,1.1008
2016-02-23,0.7799,1.1002,4.3570,1.0921
2016-02-24,0.7894,1.0981,4.3793,1.0914
2016-02-25,0.7892,1.1027,4.3527,1.0935
2016-02-26,0.7875,1.1006,4.3356,1.0929
2016-02-29,0.7858,1.0888,4.3394,1.0914
2016-03-01,0.7780,1.0872,4.3519,1.0860
2016-03-02,0.7741,1.0856,4.2523,1.0845
2016-03-03,0.7744,1.0901,4.1949,1.0840
2016-03-04,0.7748,1.0970,4.0834,1.0898
2016-03-07,0.7744,1.0953,4.1228,1.0962
2016-03-08,0.7761,1.1028,4.1690,1.0952
2016-03-09,0.7714,1.0973,4.0740,1.0978
2016-03-10,0.7673,1.0857,3.9720,1.0941
2016-03-11,0.7760,1.1090,4.0401,1.0948
2016-03-14,0.7743,1.1119,4.0261,1.0969
2016-03-15,0.7836,1.1109,4.1191,1.0954
2016-03-16,0.7873,1.1064,4.2224,1.0960
2016-03-17,0.7822,1.1311,4.1438,1.0959
2016-03-18,0.7786,1.1279,4.0794,1.0919
2016-03-21,0.7830,1.1271,4.0897,1.0916
2016-03-22,0.7879,1.1212,4.0526,1.0887
2016-03-23,0.7899,1.1171,4.0600,1.0894
2016-03-24,0.7894,1.1154,4.1316,1.0875
2016-03-30,0.7858,1.1324,4.1275,1.0913
2016-03-31,0.7916,1.1385,4.1174,1.0931
2016-04-01,0.7989,1.1432,4.1296,1.0946
2016-03-28,0.7858,1.1324,4.1275,1.0913
2016-04-04,0.7974,1.1380,4.0420,1.0919
2016-04-05,0.8016,1.1367,4.1395,1.0892
2016-04-06,0.8081,1.1336,4.2000,1.0887
2016-04-07,0.8073,1.1364,4.1617,1.0884
2016-04-08,0.8073,1.1363,4.1554,1.0874
2016-04-11,0.8006,1.1390,4.0647,1.0877
2016-04-12,0.7984,1.1396,4.0034,1.0874
2016-04-13,0.7939,1.1298,3.9690,1.0887
2016-04-14,0.7956,1.1252,3.9586,1.0878
2016-04-15,0.7958,1.1284,3.9387,1.0919
2016-04-19,0.7898,1.1343,4.0408,1.0922
2016-04-20,0.7910,1.1379,4.0362,1.0939
2016-04-21,0.7869,1.1355,4.0043,1.0989
2016-04-22,0.7834,1.1263,4.0218,1.0991
2016-04-18,0.7898,1.1343,4.0408,1.0922
2016-04-25,0.7764,1.1264,4.0168,1.0973
2016-04-26,0.7748,1.1287,3.9943,1.1000
2016-04-27,0.7748,1.1303,3.9826,1.0998
2016-04-28,0.7784,1.1358,3.9907,1.0974
2016-04-29,0.7803,1.1403,3.9738,1.0984
2016-05-02,0.7825,1.1493,3.9731,1.0999
2016-05-03,0.7910,1.1569,4.1020,1.0977
2016-05-04,0.7928,1.1505,4.1091,1.0993
2016-05-05,0.7886,1.1439,4.0282,1.1018
2016-05-06,0.7885,1.1427,4.0650,1.1070
2016-05-09,0.7900,1.1395,3.9971,1.1053
2016-05-10,0.7876,1.1375,3.9647,1.1079
2016-05-11,0.7896,1.1409,3.9517,1.1099
2016-05-12,0.7889,1.1389,3.9419,1.1063
2016-05-13,0.7876,1.1348,3.9559,1.1024
2016-05-16,0.7880,1.1324,3.9999,1.1059
2016-05-17,0.7815,1.1318,3.9451,1.1080
2016-05-18,0.7749,1.1279,3.9891,1.1086
2016-05-19,0.7659,1.1197,4.0146,1.1089
2016-05-20,0.7701,1.1219,3.9797,1.1123
2016-05-23,0.7744,1.1215,3.9832,1.1105
2016-05-24,0.7651,1.1168,3.9639,1.1079
2016-05-25,0.7593,1.1146,3.9681,1.1049
2016-05-26,0.7597,1.1168,4.0004,1.1075
2016-05-27,0.7625,1.1168,4.0310,1.1068
2016-05-30,0.7613,1.1139,4.0148,1.1058
2016-05-31,0.7619,1.1154,3.9850,1.1044
2016-06-01,0.7736,1.1174,4.0211,1.1055
2016-06-02,0.7734,1.1188,4.0235,1.1062
2016-06-03,0.7729,1.1154,3.9973,1.1050
2016-06-06,0.7872,1.1349,3.9934,1.1051
2016-06-07,0.7788,1.1348,3.9788,1.0979
2016-06-08,0.7805,1.1378,3.8786,1.0942
2016-06-09,0.7844,1.1343,3.8378,1.0916
2016-06-10,0.7848,1.1304,3.8662,1.0885
2016-06-13,0.7952,1.1268,3.8760,1.0888
2016-06-14,0.7948,1.1225,3.9273,1.0832
2016-06-15,0.7916,1.1230,3.8945,1.0817
2016-06-16,0.7903,1.1174,3.8943,1.0812
2016-06-17,0.7877,1.1254,3.8942,1.0818
2016-06-20,0.7738,1.1332,3.8286,1.0884
2016-06-21,0.7676,1.1314,3.8100,1.0850
2016-06-22,0.7679,1.1283,3.8357,1.0830
2016-06-23,0.7660,1.1389,3.8172,1.0876
2016-06-24,0.8075,1.1066,3.8063,1.0808
2016-06-27,0.8340,1.0998,3.7430,1.0736
2016-06-28,0.8272,1.1073,3.7183,1.0845
2016-06-29,0.8255,1.1090,3.6216,1.0854
2016-06-30,0.8265,1.1102,3.5898,1.0867
2016-07-01,0.8383,1.1135,3.5837,1.0835
2016-07-04,0.8391,1.1138,3.6131,1.0839
2016-07-05,0.8500,1.1146,3.6655,1.0837
2016-07-06,0.8530,1.1069,3.6787,1.0821
2016-07-07,0.8509,1.1080,3.6894,1.0820
2016-07-08,0.8524,1.1070,3.6942,1.0855
2016-07-11,0.8510,1.1049,3.6651,1.0867
2016-07-12,0.8428,1.1092,3.6414,1.0904
2016-07-13,0.8340,1.1072,3.6517,1.0909
2016-07-14,0.8331,1.1157,3.6041,1.0900
2016-07-15,0.8328,1.1128,3.6232,1.0899
2016-07-18,0.8337,1.1053,3.5963,1.0869
2016-07-19,0.8395,1.1035,3.6078,1.0877
2016-07-20,0.8361,1.1013,3.5761,1.0882
2016-07-21,0.8360,1.1015,3.5804,1.0872
2016-07-22,0.8411,1.1014,3.6138,1.0860
2016-07-25,0.8367,1.0982,3.5758,1.0839
2016-07-26,0.8371,1.0997,3.6080,1.0870
2016-07-27,0.8388,1.0991,3.6056,1.0928
2016-07-28,0.8422,1.1090,3.6306,1.0892
2016-07-29,0.8440,1.1113,3.6478,1.0823
2016-08-01,0.8454,1.1164,3.6361,1.0807
2016-08-02,0.8431,1.1193,3.6549,1.0810
2016-08-03,0.8391,1.1200,3.6606,1.0845
2016-08-05,0.8481,1.1156,3.5501,1.0852
2016-08-08,0.8496,1.1087,3.5239,1.0883
2016-08-09,0.8540,1.1078,3.5045,1.0899
2016-08-10,0.8554,1.1184,3.4911,1.0923
2016-08-11,0.8604,1.1153,3.5156,1.0859
2016-08-12,0.8605,1.1158,3.5287,1.0888
2016-08-15,0.8668,1.1180,3.5463,1.0893
2016-08-16,0.8706,1.1295,3.5741,1.0849
2016-08-17,0.8664,1.1276,3.6238,1.0863
2016-08-18,0.8607,1.1321,3.6484,1.0853
2016-08-19,0.8654,1.1326,3.6659,1.0852
2016-08-22,0.8624,1.1306,3.6339,1.0886
2016-08-23,0.8600,1.1339,3.6146,1.0896
2016-08-24,0.8513,1.1268,3.6463,1.0891
2016-08-26,0.8545,1.1290,3.6441,1.0933
2016-08-29,0.8548,1.1170,3.6710,1.0937
2016-08-30,0.8517,1.1168,3.5991,1.0951
2016-08-31,0.8481,1.1132,3.6016,1.0957
2016-09-01,0.8405,1.1146,3.6026,1.0978
2016-09-02,0.8426,1.1193,3.6549,1.0959
2016-09-05,0.8364,1.1156,3.6258,1.0925
2016-09-06,0.8354,1.1159,3.6445,1.0923
2016-09-07,0.8397,1.1237,3.5944,1.0891
2016-09-08,0.8456,1.1296,3.5982,1.0917
2016-09-09,0.8456,1.1268,3.6552,1.0969
2016-09-12,0.8448,1.1226,3.6931,1.0935
2016-09-13,0.8476,1.1247,3.6809,1.0925
2016-09-14,0.8508,1.1218,3.7097,1.0945
2016-09-15,0.8520,1.1254,3.7439,1.0941
2016-09-16,0.8520,1.1226,3.6993,1.0941
2016-09-19,0.8550,1.1165,3.6440,1.0955
2016-09-20,0.8621,1.1184,3.6473,1.0943
2016-09-21,0.8569,1.1150,3.6137,1.0883
2016-09-22,0.8593,1.1238,3.5940,1.0867
2016-10-12,0.8999,1.1020,3.5256,1.0906
2016-09-23,0.8644,1.1214,3.5931,1.0887
2016-09-26,0.8709,1.1262,3.6522,1.0905
2016-09-27,0.8641,1.1220,3.6215,1.0880
2016-09-28,0.8621,1.1225,3.6389,1.0891
2016-09-29,0.8614,1.1221,3.6300,1.0876
2016-10-13,0.9043,1.1038,3.5337,1.0904
2016-09-30,0.8610,1.1161,3.6210,1.0876
2016-10-03,0.8732,1.1236,3.6409,1.0918
2016-10-04,0.8754,1.1161,3.5816,1.0949
2016-10-05,0.8816,1.1211,3.6374,1.0959
2016-10-06,0.8832,1.1185,3.6206,1.0942
2016-10-14,0.8991,1.1002,3.4994,1.0889
2016-10-07,0.9035,1.1140,3.6087,1.0946
2016-10-10,0.9007,1.1160,3.5886,1.0960
2016-10-11,0.9023,1.1079,3.5634,1.0938
2016-10-18,0.8957,1.0993,3.5073,1.0886
2016-10-19,0.8934,1.0979,3.5063,1.0854
2016-10-20,0.8957,1.0980,3.4629,1.0852
2016-10-17,0.9017,1.0966,3.5195,1.0862
2016-10-16,0.9000,1.0966,3.5094,1.0860
2016-10-15,0.9000,1.0966,3.5094,1.0860
2016-10-21,0.8932,1.0886,3.4340,1.0825
2016-12-13,0.8349,1.0610,3.5325,1.0742
2016-12-14,0.8396,1.0644,3.5242,1.0747
2016-12-15,0.8360,1.0419,3.5298,1.0733
2016-12-16,0.8389,1.0439,3.5081,1.0751
2016-12-19,0.8414,1.0422,3.5191,1.0709
2016-12-17,0.8389,1.0439,3.5081,1.0751
2016-12-18,0.8389,1.0439,3.5081,1.0751
2016-10-24,0.8902,1.0891,3.4200,1.0821
2016-10-25,0.8902,1.0891,3.4200,1.0821
2016-10-26,0.8947,1.0925,3.4065,1.0838
2016-10-27,0.8916,1.0927,3.4261,1.0838
2016-12-20,0.8398,1.0364,3.4801,1.0687
2016-10-28,0.8991,1.0922,3.4841,1.0855
2016-10-31,0.9005,1.0946,3.4836,1.0820
2016-10-29,0.8991,1.0922,3.4841,1.0855
2016-10-30,0.8991,1.0922,3.4841,1.0855
2016-11-01,0.9017,1.1025,3.5239,1.0823
2016-11-02,0.9006,1.1095,3.5967,1.0787
2016-12-21,0.8424,1.0421,3.4729,1.0689
2016-11-03,0.8866,1.1064,3.5720,1.0787
2016-12-22,0.8465,1.0444,3.4761,1.0706
2016-11-04,0.8881,1.1093,3.5996,1.0774
2016-11-07,0.8904,1.1062,3.5445,1.0789
2016-11-05,0.8881,1.1093,3.5996,1.0774
2016-11-06,0.8881,1.1093,3.5996,1.0774
2016-11-08,0.8909,1.1038,3.5364,1.0778
2016-11-09,0.8903,1.1022,3.5565,1.0793
2016-11-10,0.8779,1.0895,3.5815,1.0762
2016-11-11,0.8613,1.0904,3.7208,1.0732
2016-11-14,0.8599,1.0777,3.7153,1.0739
2016-11-12,0.8613,1.0904,3.7208,1.0732
2016-11-13,0.8613,1.0904,3.7208,1.0732
2016-11-15,0.8664,1.0765,3.7006,1.0758
2016-11-16,0.8611,1.0702,3.6791,1.0738
2016-11-17,0.8606,1.0717,3.6550,1.0737
2016-12-30,0.8562,1.0541,3.4305,1.0739
2016-12-23,0.8528,1.0446,3.4146,1.0711
2016-12-27,0.8530,1.0445,3.4256,1.0754
2016-12-24,0.8528,1.0446,3.4146,1.0711
2016-12-25,0.8528,1.0446,3.4146,1.0711
2016-12-26,0.8528,1.0446,3.4146,1.0711
2016-12-28,0.8513,1.0401,3.4026,1.0714
2016-12-29,0.8530,1.0453,3.4123,1.0714
2017-01-02,0.8514,1.0465,3.4265,1.0711
2016-12-31,0.8562,1.0541,3.4305,1.0739
2017-01-01,0.8562,1.0541,3.4305,1.0739
2017-01-03,0.8457,1.0385,3.3916,1.0702
2017-01-04,0.8495,1.0437,3.3784,1.0707
2017-01-05,0.8544,1.0501,3.3742,1.0704
2017-01-09,0.8666,1.0516,3.3780,1.0721
2017-01-06,0.8565,1.0589,3.3905,1.0725
2017-01-07,0.8565,1.0589,3.3905,1.0725
2016-11-18,0.8622,1.0629,3.6049,1.0711
2016-11-21,0.8573,1.0631,3.5667,1.0727
2016-11-19,0.8622,1.0629,3.6049,1.0711
2016-11-20,0.8622,1.0629,3.6049,1.0711
2016-11-22,0.8542,1.0617,3.5497,1.0730
2016-11-23,0.8539,1.0602,3.5860,1.0731
2016-11-24,0.8480,1.0548,3.5909,1.0727
2016-12-07,0.8510,1.0730,3.6457,1.0834
2016-11-25,0.8518,1.0592,3.6394,1.0736
2016-11-29,0.8482,1.0576,3.6009,1.0752
2016-11-26,0.8518,1.0592,3.6394,1.0736
2016-11-27,0.8518,1.0592,3.6394,1.0736
2016-11-28,0.8518,1.0592,3.6394,1.0736
2016-11-30,0.8525,1.0635,3.6118,1.0803
2016-12-01,0.8410,1.0627,3.6597,1.0764
2016-12-08,0.8500,1.0762,3.6599,1.0853
2016-12-02,0.8430,1.0642,3.6909,1.0751
2016-12-05,0.8417,1.0702,3.7044,1.0797
2016-12-03,0.8430,1.0642,3.6909,1.0751
2016-12-04,0.8430,1.0642,3.6909,1.0751
2016-12-06,0.8421,1.0734,3.6837,1.0833
2016-12-09,0.8394,1.0559,3.5815,1.0756
2016-12-12,0.8390,1.0596,3.5953,1.0772
2016-12-10,0.8394,1.0559,3.5815,1.0756
2016-12-11,0.8394,1.0559,3.5815,1.0756
2017-01-08,0.8565,1.0589,3.3905,1.0725
2017-01-10,0.8694,1.0567,3.3743,1.0737
2017-01-11,0.8673,1.0503,3.3786,1.0721
2017-01-12,0.8684,1.0679,3.3718,1.0742
2017-01-18,0.8683,1.0664,3.4367,1.0706
2017-01-13,0.8755,1.0661,3.4097,1.0728
2017-01-16,0.8781,1.0594,3.4130,1.0709
2017-01-14,0.8755,1.0661,3.4097,1.0728
2017-01-15,0.8755,1.0661,3.4097,1.0728
2017-01-17,0.8679,1.0684,3.4305,1.0712
2017-01-19,0.8656,1.0668,3.4223,1.0729
2017-02-16,0.8511,1.0652,3.2402,1.0647
2017-01-20,0.8660,1.0632,3.3977,1.0727
2017-01-23,0.8615,1.0715,3.3873,1.0727
2017-01-21,0.8660,1.0632,3.3977,1.0727
2017-01-22,0.8660,1.0632,3.3977,1.0727
2017-01-24,0.8635,1.0748,3.4000,1.0738
2017-01-25,0.8532,1.0743,3.4057,1.0732
2017-01-26,0.8514,1.0700,3.4093,1.0693
2017-01-27,0.8517,1.0681,3.3834,1.0689
2017-01-30,0.8494,1.0630,3.3318,1.0669
2017-01-28,0.8517,1.0681,3.3834,1.0689
2017-01-29,0.8517,1.0681,3.3834,1.0689
2017-01-31,0.8611,1.0755,3.3535,1.0668
2017-02-01,0.8542,1.0790,3.3918,1.0680
2017-02-02,0.8607,1.0808,3.3659,1.0690
2017-02-17,0.8572,1.0650,3.2928,1.0637
2017-02-03,0.8601,1.0741,3.3641,1.0695
2017-02-06,0.8595,1.0712,3.3408,1.0670
2017-02-04,0.8601,1.0741,3.3641,1.0695
2017-02-05,0.8601,1.0741,3.3641,1.0695
2017-02-07,0.8633,1.0675,3.3378,1.0658
2017-02-08,0.8532,1.0665,3.3330,1.0637
2017-02-09,0.8509,1.0692,3.3329,1.0672
2017-02-10,0.8529,1.0629,3.3070,1.0669
2017-02-13,0.8489,1.0629,3.3159,1.0673
2017-02-11,0.8529,1.0629,3.3070,1.0669
2017-02-12,0.8529,1.0629,3.3070,1.0669
2017-02-14,0.8510,1.0623,3.2881,1.0659
2017-02-15,0.8500,1.0555,3.2505,1.0652
2017-02-20,0.8515,1.0616,3.2884,1.0650
2017-02-18,0.8572,1.0650,3.2928,1.0637
2017-02-19,0.8572,1.0650,3.2928,1.0637
2017-02-21,0.8486,1.0537,3.2623,1.0639
2017-02-22,0.8445,1.0513,3.2422,1.0642
2017-02-23,0.8463,1.0573,3.2412,1.0663
2017-03-14,0.8756,1.0631,3.3591,1.0726
2017-02-24,0.8450,1.0609,3.2770,1.0649
2017-02-27,0.8528,1.0587,3.2916,1.0664
2017-02-25,0.8450,1.0609,3.2770,1.0649
2017-02-26,0.8450,1.0609,3.2770,1.0649
2017-02-28,0.8531,1.0597,3.2810,1.0648
2017-03-01,0.8555,1.0533,3.2768,1.0647
2017-03-02,0.8556,1.0514,3.2687,1.0651
2017-03-15,0.8707,1.0622,3.3553,1.0715
2017-03-03,0.8636,1.0565,3.3080,1.0675
2017-03-06,0.8630,1.0592,3.2896,1.0694
2017-03-04,0.8636,1.0565,3.3080,1.0675
2017-03-05,0.8636,1.0565,3.3080,1.0675
2017-03-07,0.8671,1.0576,3.2974,1.0730
2017-03-08,0.8675,1.0556,3.3151,1.0702
2017-03-09,0.8665,1.0551,3.3436,1.0709
2017-03-10,0.8725,1.0606,3.3694,1.0743
2017-03-13,0.8726,1.0663,3.3609,1.0749
2017-03-11,0.8725,1.0606,3.3694,1.0743
2017-03-12,0.8725,1.0606,3.3694,1.0743
2017-03-16,0.8681,1.0726,3.3244,1.0695
2017-03-20,0.8679,1.0752,3.3416,1.0720
2017-03-17,0.8687,1.0737,3.3342,1.0698
2017-03-18,0.8687,1.0737,3.3342,1.0698
2017-03-19,0.8687,1.0737,3.3342,1.0698
2017-03-21,0.8675,1.0802,3.3175,1.0750
2017-03-22,0.8679,1.0807,3.3484,1.0714
2017-03-23,0.8627,1.0786,3.3608,1.0700
2017-03-24,0.8660,1.0805,3.3845,1.0718
2017-03-27,0.8640,1.0889,3.3980,1.0713
2017-03-25,0.8660,1.0805,3.3845,1.0718
2017-03-26,0.8660,1.0805,3.3845,1.0718
2017-03-28,0.8646,1.0859,3.3947,1.0693
2017-03-29,0.8639,1.0748,3.3666,1.0712
2017-03-30,0.8618,1.0737,3.3555,1.0698
2017-04-13,0.8476,1.0630,3.3277,1.0686
2017-03-31,0.8555,1.0691,3.3800,1.0696
2017-04-03,0.8526,1.0661,3.3314,1.0682
2017-04-01,0.8555,1.0691,3.3800,1.0696
2017-04-02,0.8555,1.0691,3.3800,1.0696
2017-04-04,0.8562,1.0651,3.3395,1.0673
2017-04-05,0.8551,1.0678,3.2974,1.0708
2017-04-06,0.8559,1.0666,3.3232,1.0702
2017-04-15,0.8476,1.0630,3.3277,1.0686
2017-04-07,0.8557,1.0630,3.3349,1.0695
2017-04-10,0.8534,1.0578,3.3175,1.0682
2017-04-08,0.8557,1.0630,3.3349,1.0695
2017-04-09,0.8557,1.0630,3.3349,1.0695
2017-04-11,0.8533,1.0616,3.3241,1.0696
2017-04-12,0.8484,1.0605,3.3330,1.0678
2017-04-16,0.8476,1.0630,3.3277,1.0686
2017-04-17,0.8476,1.0630,3.3277,1.0686
2017-05-02,0.8447,1.0930,3.4718,1.0831
2017-04-14,0.8476,1.0630,3.3277,1.0686
2017-04-18,0.8438,1.0682,3.3194,1.0686
2017-04-19,0.8343,1.0725,3.3368,1.0690
2017-05-17,0.8587,1.1059,3.4316,1.0958
2017-05-19,0.8536,1.1129,3.4888,1.0874
2017-05-21,0.8591,1.1179,3.7227,1.0921
2017-05-23,0.8635,1.1243,3.7029,1.0911
2017-05-25,0.8634,1.1193,3.6442,1.0929
2017-05-26,0.8653,1.1214,3.6660,1.0904
2017-05-24,0.8646,1.1215,3.6718,1.0912
2017-05-22,0.8591,1.1179,3.7227,1.0921
2017-05-20,0.8591,1.1179,3.7227,1.0921
2017-05-18,0.8575,1.1117,3.4446,1.0923
2017-04-20,0.8343,1.0725,3.3368,1.0690
2017-04-21,0.8392,1.0745,3.3770,1.0701
2017-05-12,0.8449,1.0860,3.4363,1.0952
2017-04-25,0.8483,1.0848,3.3903,1.0806
2017-05-14,0.8459,1.0876,3.4227,1.0963
2017-05-16,0.8493,1.0972,3.4065,1.0944
2017-05-05,0.8477,1.0927,3.4822,1.0843
2017-05-11,0.8399,1.0882,3.4440,1.0949
2017-04-22,0.8372,1.0698,3.3683,1.0680
2017-04-29,0.8447,1.0930,3.4718,1.0831
2017-05-13,0.8459,1.0876,3.4227,1.0963
2017-05-15,0.8459,1.0876,3.4227,1.0963
2017-04-26,0.8493,1.0891,3.4329,1.0826
2017-06-24,0.8781,1.1173,3.7293,1.0851
2017-05-03,0.8452,1.0915,3.4585,1.0852
2017-04-23,0.8372,1.0698,3.3683,1.0680
2017-06-23,0.8817,1.1169,3.7164,1.0867
2017-04-27,0.8490,1.0893,3.4521,1.0835
2017-05-08,0.8471,1.0961,3.4917,1.0839
2017-05-01,0.8447,1.0930,3.4718,1.0831
2017-04-24,0.8372,1.0698,3.3683,1.0680
2017-05-06,0.8471,1.0961,3.4917,1.0839
2017-05-04,0.8444,1.0919,3.4424,1.0812
2017-04-28,0.8442,1.0881,3.4387,1.0820
2017-06-25,0.8781,1.1173,3.7293,1.0851
2017-07-29,0.8957,1.1729,3.7015,1.1357
2017-04-30,0.8447,1.0930,3.4718,1.0831
2017-05-07,0.8471,1.0961,3.4917,1.0839
2017-07-28,0.8898,1.1694,3.6836,1.1232
2017-05-09,0.8447,1.0938,3.4896,1.0878
2017-08-08,0.9044,1.1797,3.6878,1.1480
2017-05-10,0.8430,1.0888,3.4730,1.0938
2017-06-13,0.8855,1.1221,3.6840,1.0857
2017-07-03,0.8793,1.1412,3.7600,1.0930
2017-06-07,0.8723,1.1258,3.7117,1.0851
2017-07-07,0.8801,1.1385,3.7639,1.0975
2017-07-09,0.8849,1.1412,3.7587,1.0983
2017-05-29,0.8719,1.1196,3.6609,1.0888
2017-06-03,0.8727,1.1217,3.6308,1.0893
2017-06-11,0.8764,1.1176,3.6476,1.0863
2017-06-19,0.8745,1.1167,3.6681,1.0885
2017-06-28,0.8837,1.1278,3.7216,1.0883
2017-05-30,0.8709,1.1188,3.6538,1.0900
2017-06-08,0.8691,1.1217,3.6694,1.0843
2017-07-04,0.8771,1.1369,3.7737,1.0943
2017-06-14,0.8808,1.1217,3.7045,1.0850
2017-06-04,0.8727,1.1217,3.6308,1.0893
2017-06-20,0.8752,1.1199,3.6957,1.0870
2017-05-31,0.8679,1.1173,3.6509,1.0903
2017-06-12,0.8764,1.1176,3.6476,1.0863
2017-07-30,0.8957,1.1729,3.7015,1.1357
2017-06-09,0.8676,1.1229,3.6852,1.0856
2017-06-05,0.8727,1.1217,3.6308,1.0893
2017-06-27,0.8783,1.1187,3.7259,1.0881
2017-06-01,0.8737,1.1221,3.6485,1.0896
2017-06-21,0.8814,1.1156,3.6845,1.0854
2017-07-10,0.8849,1.1412,3.7587,1.0983
2017-05-27,0.8719,1.1196,3.6609,1.0888
2017-07-11,0.8844,1.1387,3.7292,1.1007
2017-06-06,0.8713,1.1249,3.6660,1.0856
2017-05-28,0.8719,1.1196,3.6609,1.0888
2017-06-15,0.8796,1.1203,3.7027,1.0874
2017-06-26,0.8781,1.1173,3.7293,1.0851
2017-06-22,0.8781,1.1147,3.7028,1.0857
2017-06-02,0.8723,1.1219,3.6135,1.0883
2017-06-16,0.8764,1.1166,3.6559,1.0874
2017-09-01,0.9197,1.1825,3.7410,1.1446
2017-07-01,0.8793,1.1412,3.7600,1.0930
2017-06-10,0.8764,1.1176,3.6476,1.0863
2017-07-22,0.8961,1.1642,3.6225,1.1051
2017-06-29,0.8853,1.1375,3.7632,1.0913
2017-06-17,0.8745,1.1167,3.6681,1.0885
2017-06-30,0.8799,1.1413,3.7476,1.0935
2017-08-09,0.9068,1.1814,3.6918,1.1478
2017-07-02,0.8793,1.1412,3.7600,1.0930
2017-08-20,0.9119,1.1740,3.7185,1.1287
2017-06-18,0.8745,1.1167,3.6681,1.0885
2017-09-03,0.9208,1.1920,3.7423,1.1441
2017-08-31,0.9225,1.1916,3.7768,1.1422
2017-07-06,0.8774,1.1329,3.7545,1.0950
2017-07-05,0.8781,1.1353,3.7503,1.0954
2017-09-02,0.9208,1.1920,3.7423,1.1441
2017-08-21,0.9119,1.1740,3.7185,1.1287
2017-07-08,0.8849,1.1412,3.7587,1.0983
2017-09-15,0.8912,1.1885,3.7295,1.1496
2017-09-21,0.8868,1.2007,3.7579,1.1532
2017-09-16,0.8804,1.1963,3.7357,1.1480
2017-10-07,0.8954,1.1707,3.7000,1.1473
2017-07-15,0.8798,1.1415,3.6599,1.1051
2017-07-18,0.8776,1.1462,3.6437,1.1012
2017-07-26,0.8940,1.1694,3.6755,1.1063
2017-08-01,0.8942,1.1727,3.6764,1.1359
2017-08-19,0.9119,1.1740,3.7185,1.1287
2017-08-16,0.9115,1.1744,3.7540,1.1417
2017-07-16,0.8798,1.1415,3.6599,1.1051
2017-07-23,0.8961,1.1642,3.6225,1.1051
2017-07-19,0.8878,1.1555,3.6623,1.1025
2017-08-04,0.9032,1.1860,3.7017,1.1501
2017-07-27,0.8928,1.1644,3.6806,1.1152
2017-07-17,0.8798,1.1415,3.6599,1.1051
2017-08-14,0.9065,1.1765,3.7378,1.1320
2017-07-12,0.8832,1.1405,3.7258,1.1040
2017-07-24,0.8961,1.1642,3.6225,1.1051
2017-08-02,0.8944,1.1812,3.6880,1.1414
2017-08-12,0.9065,1.1765,3.7378,1.1320
2017-08-18,0.9090,1.1697,3.6986,1.1311
2017-07-13,0.8893,1.1449,3.6997,1.1027
2017-07-25,0.8935,1.1648,3.6543,1.1020
2017-07-20,0.8849,1.1533,3.6432,1.0994
2017-08-06,0.9028,1.1868,3.6911,1.1494
2017-08-22,0.9132,1.1761,3.7042,1.1362
2017-07-14,0.8822,1.1417,3.6733,1.1011
2017-08-24,0.9213,1.1799,3.7314,1.1392
2017-07-31,0.8957,1.1729,3.7015,1.1357
2017-07-21,0.8872,1.1485,3.6166,1.1039
2017-08-03,0.8943,1.1829,3.6995,1.1459
2017-08-10,0.9034,1.1731,3.6793,1.1293
2017-08-15,0.9094,1.1797,3.7517,1.1422
2017-08-13,0.9065,1.1765,3.7378,1.1320
2017-08-23,0.9171,1.1771,3.7102,1.1364
2017-08-25,0.9200,1.1806,3.7113,1.1375
2017-08-05,0.9028,1.1868,3.6911,1.1494
2017-08-27,0.9208,1.1808,3.7045,1.1390
2017-08-29,0.9233,1.1925,3.7568,1.1389
2017-08-07,0.9028,1.1868,3.6911,1.1494
2017-08-11,0.9030,1.1732,3.7024,1.1341
2017-09-06,0.9174,1.1890,3.7070,1.1407
2017-09-08,0.9140,1.1971,3.7098,1.1412
2017-08-26,0.9208,1.1808,3.7045,1.1390
2017-09-18,0.8804,1.1963,3.7357,1.1480
2017-08-28,0.9208,1.1808,3.7045,1.1390
2017-08-30,0.9297,1.2048,3.8106,1.1386
2017-08-17,0.9099,1.1710,3.7129,1.1406
2017-09-05,0.9186,1.1905,3.7379,1.1399
2017-09-07,0.9143,1.1931,3.7145,1.1399
2017-09-17,0.8804,1.1963,3.7357,1.1480
2017-09-26,0.8794,1.1867,3.7128,1.1562
2017-09-27,0.8778,1.1787,3.7299,1.1452
2017-10-05,0.8877,1.1787,3.6929,1.1456
2017-09-12,0.9078,1.1997,3.7057,1.1404
2017-10-09,0.8954,1.1707,3.7000,1.1473
2017-09-24,0.8816,1.1961,3.7459,1.1588
2017-10-15,0.8898,1.1810,3.7517,1.1533
2017-09-13,0.8988,1.1933,3.7117,1.1444
2017-09-30,0.8818,1.1806,3.7635,1.1457
2017-09-04,0.9208,1.1920,3.7423,1.1441
2017-09-22,0.8824,1.1905,3.7353,1.1585
2017-10-17,0.8875,1.1803,3.7304,1.1514
2017-09-14,0.9024,1.1979,3.7521,1.1496
2017-10-08,0.8954,1.1707,3.7000,1.1473
2017-10-14,0.8898,1.1810,3.7517,1.1533
2017-10-04,0.8879,1.1753,3.7093,1.1449
2017-09-23,0.8816,1.1961,3.7459,1.1588
2017-09-09,0.9127,1.2060,3.7256,1.1405
2017-10-01,0.8818,1.1806,3.7635,1.1457
2017-09-19,0.8825,1.1948,3.7204,1.1464
2017-10-16,0.8898,1.1810,3.7517,1.1533
2017-10-18,0.8915,1.1759,3.7358,1.1504
2017-09-10,0.9127,1.2060,3.7256,1.1405
2017-10-19,0.8928,1.1749,3.7199,1.1551
2017-09-28,0.8757,1.1741,3.7357,1.1451
2017-10-02,0.8818,1.1806,3.7635,1.1457
2017-09-11,0.9127,1.2060,3.7256,1.1405
2017-09-20,0.8862,1.1972,3.7429,1.1535
2017-09-25,0.8816,1.1961,3.7459,1.1588
2017-10-20,0.8982,1.1834,3.7561,1.1541
2017-10-06,0.8915,1.1742,3.6772,1.1472
2017-10-13,0.9024,1.1856,3.7654,1.1552
2017-10-11,0.8941,1.1797,3.7378,1.1522
2017-09-29,0.8764,1.1778,3.7484,1.1460
2017-10-03,0.8842,1.1744,3.7274,1.1399
2017-10-12,0.8971,1.1830,3.7515,1.1524
2017-10-22,0.8962,1.1818,3.7519,1.1597
2017-10-24,0.8909,1.1740,3.7493,1.1581
2017-10-10,0.8920,1.1746,3.7168,1.1497
2017-10-21,0.8962,1.1818,3.7519,1.1597
2017-10-23,0.8962,1.1818,3.7519,1.1597
2017-10-25,0.8930,1.1761,3.8022,1.1613
2017-10-26,0.8930,1.1761,3.8022,1.1613
2017-10-27,0.8901,1.1753,3.8030,1.1678
2017-11-02,0.8739,1.1612,3.8150,1.1640
2017-11-12,0.8837,1.1654,3.8084,1.1591
2017-11-14,0.8902,1.1656,3.8362,1.1591
2017-10-30,0.8863,1.1605,3.8292,1.1632
2017-11-05,0.8892,1.1657,3.8012,1.1635
2017-11-13,0.8837,1.1654,3.8084,1.1591
2017-10-28,0.8863,1.1605,3.8292,1.1632
2017-11-15,0.8959,1.1745,3.8488,1.1643
2017-11-17,0.8918,1.1771,3.8579,1.1686
2017-11-20,0.8939,1.1795,3.8658,1.1696
2017-11-01,0.8785,1.1638,3.8059,1.1622
2017-11-04,0.8892,1.1657,3.8012,1.1635
2017-10-29,0.8863,1.1605,3.8292,1.1632
2017-11-16,0.8991,1.1840,3.8490,1.1675
2017-11-18,0.8939,1.1795,3.8658,1.1696
2017-11-07,0.8839,1.1590,3.8174,1.1593
2017-12-02,0.8812,1.1885,3.8824,1.1691
2017-11-03,0.8869,1.1645,3.8047,1.1647
2017-11-08,0.8804,1.1562,3.7822,1.1557
2017-11-06,0.8892,1.1657,3.8012,1.1635
2017-12-04,0.8812,1.1885,3.8824,1.1691
2017-10-31,0.8798,1.1612,3.7790,1.1603
2017-12-06,0.8818,1.1847,3.8192,1.1673
2017-11-09,0.8841,1.1590,3.7662,1.1581
2017-12-03,0.8812,1.1885,3.8824,1.1691
2017-12-05,0.8773,1.1865,3.8558,1.1665
2017-11-10,0.8863,1.1630,3.7762,1.1589
2017-11-11,0.8837,1.1654,3.8084,1.1591
2017-12-20,0.8850,1.1823,3.8862,1.1643
2017-12-08,0.8807,1.1786,3.8824,1.1700
2017-12-19,0.8821,1.1795,3.8734,1.1652
2017-12-07,0.8834,1.1817,3.8193,1.1678
2017-12-21,0.8832,1.1845,3.8953,1.1702
2017-11-19,0.8939,1.1795,3.8658,1.1696
2017-12-22,0.8876,1.1859,3.9214,1.1725
2017-12-30,0.8872,1.1993,3.9729,1.1702
2018-01-04,0.8864,1.2023,3.9236,1.1736
2018-09-18,0.8896,1.1697,4.8481,1.1245
2018-01-16,0.8904,1.2277,3.9237,1.1799
2017-11-22,0.8850,1.1718,3.8207,1.1641
2017-12-01,0.8799,1.1849,3.8668,1.1699
2017-12-09,0.8753,1.1742,3.8435,1.1704
2017-12-14,0.8791,1.1736,3.8907,1.1647
2017-12-12,0.8825,1.1796,3.8654,1.1679
2017-11-27,0.8912,1.1877,3.8379,1.1650
2017-12-24,0.8857,1.1853,3.9349,1.1735
2018-01-03,0.8895,1.2065,3.9504,1.1718
2017-11-23,0.8881,1.1749,3.8288,1.1609
2017-11-28,0.8938,1.1952,3.8564,1.1718
2017-12-18,0.8825,1.1806,3.9171,1.1669
2017-11-21,0.8894,1.1781,3.8388,1.1676
2017-11-29,0.8954,1.1888,3.8287,1.1680
2018-01-05,0.8910,1.2065,3.9060,1.1763
2017-11-30,0.8829,1.1827,3.7936,1.1664
2017-12-13,0.8807,1.1766,3.9051,1.1671
2017-12-23,0.8857,1.1853,3.9349,1.1735
2017-12-25,0.8857,1.1853,3.9349,1.1735
2017-11-24,0.8901,1.1848,3.8403,1.1613
2017-12-15,0.8816,1.1845,3.9529,1.1686
2017-12-31,0.8872,1.1993,3.9729,1.1702
2018-01-02,0.8872,1.1993,3.9729,1.1702
2017-11-25,0.8912,1.1877,3.8379,1.1650
2017-12-10,0.8753,1.1742,3.8435,1.1704
2017-12-28,0.8859,1.1895,3.9196,1.1772
2018-01-07,0.8888,1.2045,3.9057,1.1757
2017-12-16,0.8825,1.1806,3.9171,1.1669
2017-11-26,0.8912,1.1877,3.8379,1.1650
2017-12-27,0.8857,1.1853,3.9349,1.1735
2018-01-06,0.8888,1.2045,3.9057,1.1757
2018-01-08,0.8888,1.2045,3.9057,1.1757
2017-12-11,0.8753,1.1742,3.8435,1.1704
2018-01-09,0.8841,1.1973,3.8825,1.1709
2017-12-17,0.8825,1.1806,3.9171,1.1669
2018-01-13,0.8898,1.2137,3.8959,1.1787
2017-12-26,0.8857,1.1853,3.9349,1.1735
2018-01-10,0.8827,1.1932,3.8571,1.1727
2017-12-29,0.8877,1.1934,3.9496,1.1704
2018-01-30,0.8794,1.2379,3.9209,1.1563
2018-01-12,0.8908,1.2017,3.8858,1.1736
2018-01-31,0.8793,1.2421,3.9280,1.1589
2018-01-11,0.8867,1.1992,3.8952,1.1725
2018-01-01,0.8872,1.1993,3.9729,1.1702
2018-02-05,0.8785,1.2492,3.9993,1.1596
2018-02-06,0.8857,1.2440,4.0174,1.1599
2018-02-20,0.8859,1.2410,4.0126,1.1513
2018-02-21,0.8817,1.2340,4.0114,1.1537
2018-03-18,0.8825,1.2301,4.0464,1.1702
2018-03-17,0.8825,1.2301,4.0464,1.1702
2018-06-08,0.8812,1.1836,4.5872,1.1613
2018-01-20,0.8837,1.2255,3.9312,1.1758
2018-01-18,0.8857,1.2203,3.9497,1.1774
2018-03-02,0.8852,1.2171,3.9740,1.1519
2018-03-04,0.8932,1.2312,4.0096,1.1512
2018-01-15,0.8898,1.2137,3.8959,1.1787
2018-01-24,0.8783,1.2249,3.9453,1.1779
2018-03-06,0.8907,1.2307,4.0096,1.1549
2018-01-27,0.8734,1.2436,3.9149,1.1632
2018-01-21,0.8837,1.2255,3.9312,1.1758
2018-01-19,0.8821,1.2235,3.9321,1.1748
2018-03-08,0.8951,1.2417,4.0094,1.1673
2018-02-25,0.8794,1.2299,3.9875,1.1505
2018-02-01,0.8791,1.2457,3.9368,1.1631
2018-01-25,0.8718,1.2352,3.9437,1.1735
2018-03-03,0.8932,1.2312,4.0096,1.1512
2018-01-22,0.8837,1.2255,3.9312,1.1758
2018-01-17,0.8886,1.2230,3.9303,1.1795
2018-02-02,0.8752,1.2459,3.9488,1.1603
2018-03-05,0.8932,1.2312,4.0096,1.1512
2018-03-07,0.8917,1.2411,3.9927,1.1626
2018-02-03,0.8785,1.2492,3.9993,1.1596
2018-01-26,0.8704,1.2407,3.9063,1.1680
2018-01-14,0.8898,1.2137,3.8959,1.1787
2018-02-04,0.8785,1.2492,3.9993,1.1596
2018-03-09,0.8947,1.2421,4.0261,1.1731
2018-01-28,0.8734,1.2436,3.9149,1.1632
2018-03-11,0.8889,1.2291,4.0100,1.1695
2018-03-13,0.8859,1.2302,4.0087,1.1681
2018-01-23,0.8809,1.2239,3.9083,1.1764
2018-02-24,0.8794,1.2299,3.9875,1.1505
2018-03-10,0.8889,1.2291,4.0100,1.1695
2018-03-12,0.8889,1.2291,4.0100,1.1695
2018-02-27,0.8782,1.2320,3.9857,1.1530
2018-01-29,0.8734,1.2436,3.9149,1.1632
2018-02-23,0.8834,1.2276,4.0149,1.1508
2018-03-15,0.8863,1.2369,4.0244,1.1704
2018-02-26,0.8794,1.2299,3.9875,1.1505
2018-02-22,0.8846,1.2312,4.0080,1.1551
2018-03-14,0.8865,1.2378,4.0142,1.1690
2018-03-29,0.8761,1.2398,4.1264,1.1801
2018-02-28,0.8840,1.2301,3.9831,1.1539
2018-03-19,0.8825,1.2301,4.0464,1.1702
2018-03-01,0.8842,1.2214,3.9615,1.1520
2018-03-20,0.8759,1.2309,4.0567,1.1717
2018-03-31,0.8749,1.2321,4.0938,1.1779
2018-04-01,0.8749,1.2321,4.0938,1.1779
2018-03-30,0.8749,1.2321,4.0938,1.1779
2018-08-17,0.8950,1.1370,4.4228,1.1299
2018-06-14,0.8821,1.1764,4.3587,1.1616
2018-04-26,0.8738,1.2185,4.2705,1.1986
2018-02-14,0.8894,1.2333,4.0642,1.1522
2018-03-23,0.8720,1.2316,4.0666,1.1671
2018-02-07,0.8889,1.2329,4.0381,1.1571
2018-02-10,0.8874,1.2273,4.0244,1.1500
2018-02-15,0.8904,1.2348,4.0525,1.1519
2018-04-15,0.8640,1.2317,4.1979,1.1854
2018-04-17,0.8647,1.2370,4.2300,1.1878
2018-02-08,0.8868,1.2338,4.0070,1.1610
2018-04-19,0.8711,1.2388,4.2047,1.1979
2018-02-16,0.8866,1.2493,4.0254,1.1545
2018-02-11,0.8874,1.2273,4.0244,1.1500
2018-03-24,0.8729,1.2346,4.0726,1.1703
2018-02-17,0.8880,1.2464,4.0314,1.1521
2018-03-25,0.8729,1.2346,4.0726,1.1703
2018-03-26,0.8729,1.2346,4.0726,1.1703
2018-02-18,0.8880,1.2464,4.0314,1.1521
2018-02-19,0.8880,1.2464,4.0314,1.1521
2018-02-12,0.8874,1.2273,4.0244,1.1500
2018-04-21,0.8761,1.2309,4.1892,1.1970
2018-03-27,0.8725,1.2411,4.0932,1.1739
2018-04-23,0.8761,1.2309,4.1892,1.1970
2018-03-28,0.8794,1.2376,4.1051,1.1764
2018-04-25,0.8747,1.2213,4.2085,1.1944
2018-02-13,0.8860,1.2263,4.0415,1.1503
2018-02-09,0.8751,1.2252,4.0034,1.1555
2018-03-16,0.8848,1.2341,4.0579,1.1689
2018-03-21,0.8772,1.2276,4.0410,1.1721
2018-04-14,0.8640,1.2317,4.1979,1.1854
2018-04-16,0.8640,1.2317,4.1979,1.1854
2018-04-18,0.8628,1.2357,4.2158,1.1908
2018-04-12,0.8736,1.2384,4.2333,1.1855
2018-04-10,0.8709,1.2304,4.1490,1.1790
2018-04-20,0.8698,1.2382,4.1925,1.1976
2018-04-22,0.8761,1.2309,4.1892,1.1970
2018-03-22,0.8740,1.2286,4.0552,1.1709
2018-04-24,0.8764,1.2238,4.1981,1.1941
2018-04-11,0.8718,1.2361,4.2060,1.1792
2018-04-27,0.8710,1.2168,4.2322,1.1976
2018-04-09,0.8730,1.2234,4.1111,1.1798
2018-04-28,0.8770,1.2070,4.1992,1.1960
2018-04-29,0.8770,1.2070,4.1992,1.1960
2018-04-13,0.8675,1.2323,4.1482,1.1876
2018-05-13,0.8800,1.1934,4.2486,1.1933
2018-05-15,0.8824,1.1988,4.2927,1.1965
2018-05-16,0.8790,1.1883,4.3439,1.1910
2018-05-14,0.8800,1.1934,4.2486,1.1933
2018-06-10,0.8773,1.1754,4.5149,1.1572
2018-06-09,0.8773,1.1754,4.5149,1.1572
2018-05-27,0.8754,1.1675,4.2554,1.1593
2018-10-05,0.8858,1.1502,4.5116,1.1409
2018-04-04,0.8752,1.2308,4.0742,1.1775
2018-05-03,0.8804,1.2007,4.2293,1.1957
2018-05-06,0.8824,1.1969,4.2446,1.1950
2018-04-05,0.8757,1.2276,4.1316,1.1776
2018-05-29,0.8747,1.1644,4.2953,1.1577
2018-04-06,0.8740,1.2260,4.0452,1.1796
2018-05-09,0.8793,1.1870,4.2233,1.1906
2018-04-07,0.8730,1.2234,4.1111,1.1798
2018-04-08,0.8730,1.2234,4.1111,1.1798
2018-05-12,0.8800,1.1934,4.2486,1.1933
2018-05-31,0.8750,1.1632,4.3112,1.1513
2018-05-02,0.8796,1.2079,4.1932,1.1968
2018-05-07,0.8824,1.1969,4.2446,1.1950
2018-05-19,0.8733,1.1781,4.3831,1.1773
2018-06-02,0.8768,1.1669,4.3681,1.1531
2018-04-30,0.8770,1.2070,4.1992,1.1960
2018-06-04,0.8768,1.1669,4.3681,1.1531
2018-05-04,0.8818,1.1992,4.2367,1.1958
2018-04-02,0.8749,1.2321,4.0938,1.1779
2018-05-08,0.8801,1.1902,4.2162,1.1964
2018-05-17,0.8742,1.1784,4.3294,1.1792
2018-05-20,0.8733,1.1781,4.3831,1.1773
2018-04-03,0.8749,1.2321,4.0938,1.1779
2018-05-26,0.8754,1.1675,4.2554,1.1593
2018-05-10,0.8745,1.1879,4.2451,1.1895
2018-05-28,0.8754,1.1675,4.2554,1.1593
2018-05-23,0.8769,1.1794,4.3170,1.1738
2018-06-07,0.8768,1.1765,4.4924,1.1629
2018-05-05,0.8824,1.1969,4.2446,1.1950
2018-06-15,0.8768,1.1730,4.3312,1.1585
2018-05-01,0.8796,1.2079,4.1932,1.1968
2018-05-11,0.8781,1.1878,4.2464,1.1908
2018-05-21,0.8733,1.1781,4.3831,1.1773
2018-06-17,0.8732,1.1596,4.3761,1.1575
2018-05-18,0.8735,1.1805,4.3286,1.1819
2018-05-22,0.8764,1.1759,4.3714,1.1753
2018-05-30,0.8714,1.1558,4.3415,1.1517
2018-06-01,0.8768,1.1699,4.3626,1.1526
2018-06-03,0.8768,1.1669,4.3681,1.1531
2018-06-16,0.8732,1.1596,4.3761,1.1575
2018-06-05,0.8767,1.1737,4.3893,1.1546
2018-05-24,0.8795,1.1708,4.3040,1.1598
2018-06-06,0.8739,1.1675,4.3926,1.1515
2018-05-25,0.8748,1.1728,4.2794,1.1607
2018-06-18,0.8732,1.1596,4.3761,1.1575
2018-06-19,0.8766,1.1613,4.3472,1.1554
2018-06-29,0.8852,1.1583,4.4822,1.1556
2018-07-18,0.8873,1.1707,4.5281,1.1648
2018-07-31,0.8907,1.1684,4.3334,1.1598
2018-08-12,0.8968,1.1456,4.3904,1.1391
2018-07-06,0.8831,1.1709,4.5521,1.1613
2018-06-30,0.8861,1.1658,4.4876,1.1569
2018-06-22,0.8737,1.1538,4.3567,1.1496
2018-07-08,0.8860,1.1724,4.6279,1.1634
2018-07-20,0.8930,1.1588,4.4874,1.1622
2018-06-25,0.8766,1.1648,4.3617,1.1534
2018-07-22,0.8945,1.1670,4.4364,1.1633
2018-07-24,0.8917,1.1716,4.4322,1.1614
2018-07-26,0.8886,1.1690,4.3539,1.1598
2018-06-23,0.8766,1.1648,4.3617,1.1534
2018-06-28,0.8817,1.1616,4.4152,1.1536
2018-07-13,0.8826,1.1658,4.5049,1.1642
2018-07-04,0.8835,1.1665,4.5429,1.1573
2018-07-02,0.8861,1.1658,4.4876,1.1569
2018-06-11,0.8773,1.1754,4.5149,1.1572
2018-07-05,0.8811,1.1642,4.5346,1.1557
2018-06-24,0.8766,1.1648,4.3617,1.1534
2018-06-12,0.8818,1.1790,4.3902,1.1631
2018-07-17,0.8827,1.1720,4.5090,1.1696
2018-06-13,0.8818,1.1788,4.3608,1.1615
2018-06-20,0.8769,1.1534,4.3536,1.1501
2018-07-09,0.8860,1.1724,4.6279,1.1634
2018-07-19,0.8912,1.1611,4.4804,1.1611
2018-07-21,0.8945,1.1670,4.4364,1.1633
2018-07-23,0.8945,1.1670,4.4364,1.1633
2018-06-26,0.8804,1.1700,4.4042,1.1549
2018-06-21,0.8788,1.1578,4.3273,1.1537
2018-07-07,0.8860,1.1724,4.6279,1.1634
2018-07-25,0.8918,1.1706,4.4184,1.1626
2018-07-12,0.8848,1.1735,4.4923,1.1653
2018-07-01,0.8861,1.1658,4.4876,1.1569
2018-07-11,0.8834,1.1713,4.5513,1.1649
2018-07-27,0.8886,1.1716,4.3523,1.1616
2018-06-27,0.8816,1.1672,4.4051,1.1543
2018-07-28,0.8882,1.1625,4.3472,1.1597
2018-07-03,0.8865,1.1639,4.5227,1.1563
2018-07-14,0.8849,1.1643,4.5373,1.1704
2018-07-10,0.8835,1.1789,4.5564,1.1646
2018-07-15,0.8849,1.1643,4.5373,1.1704
2018-07-29,0.8882,1.1625,4.3472,1.1597
2018-07-30,0.8882,1.1625,4.3472,1.1597
2018-07-16,0.8849,1.1643,4.5373,1.1704
2018-08-10,0.8994,1.1593,4.3939,1.1512
2018-08-14,0.8933,1.1403,4.4554,1.1338
2018-08-11,0.8968,1.1456,4.3904,1.1391
2018-08-13,0.8968,1.1456,4.3904,1.1391
2018-08-26,0.9020,1.1588,4.7375,1.1398
2018-08-27,0.9020,1.1588,4.7375,1.1398
2018-10-20,0.8802,1.1470,4.2362,1.1421
2018-09-11,0.9033,1.1582,4.8364,1.1288
2018-08-15,0.8930,1.1406,4.4144,1.1298
2018-08-05,0.8905,1.1588,4.3394,1.1528
2018-08-31,0.8976,1.1692,4.8221,1.1339
2018-08-06,0.8905,1.1588,4.3394,1.1528
2018-08-19,0.8958,1.1391,4.5001,1.1338
2018-08-01,0.8922,1.1736,4.3818,1.1592
2018-08-24,0.8988,1.1579,4.6976,1.1383
2018-08-07,0.8928,1.1543,4.2788,1.1513
2018-09-04,0.9016,1.1609,4.7859,1.1268
2018-09-07,0.9033,1.1582,4.8364,1.1288
2018-08-16,0.8913,1.1321,4.4264,1.1289
2018-08-02,0.8904,1.1696,4.4028,1.1589
2018-08-08,0.8948,1.1602,4.3051,1.1530
2018-08-22,0.8974,1.1502,4.5623,1.1372
2018-08-09,0.9009,1.1589,4.3533,1.1544
2018-08-30,0.9050,1.1660,4.8451,1.1385
2018-08-20,0.8958,1.1391,4.5001,1.1338
2018-09-08,0.9033,1.1582,4.8364,1.1288
2018-09-09,0.9033,1.1582,4.8364,1.1288
2018-08-03,0.8915,1.1617,4.3906,1.1550
2018-08-28,0.9037,1.1633,4.7606,1.1428
2018-09-10,0.9033,1.1582,4.8364,1.1288
2018-09-12,0.9033,1.1582,4.8364,1.1288
2018-08-04,0.8905,1.1588,4.3394,1.1528
2018-08-25,0.9020,1.1588,4.7375,1.1398
2018-09-02,0.8974,1.1651,4.8591,1.1281
2018-08-21,0.8948,1.1420,4.4818,1.1366
2018-08-29,0.9068,1.1710,4.7909,1.1427
2018-09-03,0.8974,1.1651,4.8591,1.1281
2018-08-18,0.8958,1.1391,4.5001,1.1338
2018-08-23,0.8993,1.1616,4.6912,1.1401
2018-09-13,0.9033,1.1582,4.8364,1.1288
2018-10-07,0.8817,1.1506,4.4216,1.1433
2018-09-19,0.8896,1.1697,4.8481,1.1245
2018-09-14,0.9033,1.1582,4.8364,1.1288
2018-09-15,0.9033,1.1582,4.8364,1.1288
2018-09-01,0.8974,1.1651,4.8591,1.1281
2018-09-05,0.9006,1.1562,4.8358,1.1261
2018-09-06,0.9033,1.1582,4.8364,1.1288
2018-09-16,0.9033,1.1582,4.8364,1.1288
2018-09-21,0.8859,1.1769,4.8390,1.1312
2018-09-23,0.8940,1.1759,4.7920,1.1228
2018-09-20,0.8881,1.1667,4.8582,1.1304
2018-09-24,0.8940,1.1759,4.7920,1.1228
2018-10-08,0.8817,1.1506,4.4216,1.1433
2018-10-06,0.8817,1.1506,4.4216,1.1433
2018-11-12,0.8705,1.1346,4.2540,1.1414
2018-09-22,0.8940,1.1759,4.7920,1.1228
2018-10-27,0.8868,1.1345,4.2125,1.1367
2018-10-16,0.8805,1.1581,4.3498,1.1428
2018-09-25,0.8946,1.1773,4.7822,1.1290
2018-10-10,0.8768,1.1435,4.3112,1.1381
2018-10-13,0.8764,1.1574,4.3784,1.1470
2018-10-15,0.8764,1.1574,4.3784,1.1470
2018-09-30,0.8873,1.1576,4.6535,1.1316
2018-10-17,0.8759,1.1587,4.3017,1.1444
2018-10-31,0.8915,1.1372,4.2282,1.1386
2018-11-02,0.8817,1.1393,4.2078,1.1430
2018-09-26,0.8943,1.1777,4.8532,1.1376
2018-10-01,0.8873,1.1576,4.6535,1.1316
2018-10-11,0.8745,1.1500,4.2893,1.1412
2018-10-28,0.8868,1.1345,4.2125,1.1367
2018-09-27,0.8908,1.1737,4.7985,1.1369
2018-10-02,0.8908,1.1606,4.6869,1.1414
2018-10-23,0.8843,1.1494,4.2590,1.1456
2018-11-04,0.8787,1.1417,4.2205,1.1422
2018-11-06,0.8754,1.1370,4.2253,1.1437
2018-10-03,0.8904,1.1543,4.6002,1.1354
2018-10-12,0.8749,1.1575,4.3270,1.1430
2018-10-26,0.8853,1.1416,4.2357,1.1407
2018-11-01,0.8887,1.1318,4.1943,1.1399
2018-10-04,0.8890,1.1548,4.4737,1.1412
2018-09-28,0.8897,1.1707,4.7290,1.1371
2018-10-21,0.8802,1.1470,4.2362,1.1421
2018-10-24,0.8810,1.1478,4.2412,1.1424
2018-10-18,0.8795,1.1530,4.3090,1.1453
2018-09-29,0.8873,1.1576,4.6535,1.1316
2018-10-09,0.8801,1.1478,4.3093,1.1396
2018-10-14,0.8764,1.1574,4.3784,1.1470
2018-11-03,0.8787,1.1417,4.2205,1.1422
2018-11-05,0.8787,1.1417,4.2205,1.1422
2018-11-07,0.8731,1.1428,4.2833,1.1460
2018-10-22,0.8802,1.1470,4.2362,1.1421
2018-10-19,0.8784,1.1505,4.2453,1.1451
2018-10-25,0.8823,1.1389,4.2198,1.1373
2018-11-08,0.8740,1.1487,4.3061,1.1444
2018-11-10,0.8705,1.1346,4.2540,1.1414
2018-11-21,0.8891,1.1421,4.2919,1.1328
2018-11-11,0.8705,1.1346,4.2540,1.1414
2018-10-30,0.8879,1.1381,4.1231,1.1384
2018-10-29,0.8868,1.1345,4.2125,1.1367
2018-11-09,0.8716,1.1424,4.2622,1.1456
2018-12-03,0.8907,1.1359,4.3843,1.1340
2018-11-20,0.8908,1.1427,4.2907,1.1391
2018-12-14,0.8985,1.1371,4.4083,1.1287
2018-12-30,0.9027,1.1454,4.4427,1.1227
2018-12-25,0.9004,1.1408,4.4537,1.1312
2018-12-31,0.9027,1.1454,4.4427,1.1227
2019-01-16,0.8903,1.1424,4.2370,1.1266
2019-01-26,0.8658,1.1346,4.2737,1.1310
2018-11-15,0.8705,1.1296,4.2901,1.1395
2018-12-17,0.8984,1.1285,4.4129,1.1254
2018-11-22,0.8911,1.1409,4.3262,1.1341
2018-11-28,0.8875,1.1328,4.4011,1.1309
2018-11-16,0.8837,1.1305,4.2772,1.1365
2018-11-19,0.8835,1.1346,4.2666,1.1431
2018-12-08,0.8909,1.1371,4.4358,1.1299
2018-12-18,0.8989,1.1341,4.4355,1.1254
2018-12-20,0.9032,1.1405,4.4515,1.1328
2018-11-26,0.8848,1.1352,4.3205,1.1316
2018-11-17,0.8835,1.1346,4.2666,1.1431
2018-12-02,0.8907,1.1359,4.3843,1.1340
2018-11-23,0.8860,1.1403,4.3368,1.1351
2018-12-22,0.9022,1.1414,4.4099,1.1312
2018-11-30,0.8914,1.1387,4.3867,1.1324
2018-11-13,0.8756,1.1265,4.2217,1.1368
2018-12-06,0.8889,1.1354,4.3692,1.1328
2018-12-24,0.9022,1.1414,4.4099,1.1312
2018-11-24,0.8848,1.1352,4.3205,1.1316
2018-11-14,0.8695,1.1261,4.2479,1.1368
2018-12-09,0.8909,1.1371,4.4358,1.1299
2018-11-29,0.8825,1.1284,4.3579,1.1273
2018-11-27,0.8844,1.1363,4.3808,1.1332
2018-12-04,0.8915,1.1332,4.3367,1.1323
2018-12-07,0.8893,1.1351,4.4370,1.1304
2018-11-18,0.8835,1.1346,4.2666,1.1431
2018-12-19,0.8972,1.1377,4.4366,1.1281
2018-12-21,0.9034,1.1451,4.4076,1.1331
2018-12-23,0.9022,1.1414,4.4099,1.1312
2018-12-01,0.8907,1.1359,4.3843,1.1340
2018-12-27,0.9004,1.1408,4.4537,1.1312
2018-11-25,0.8848,1.1352,4.3205,1.1316
2018-12-12,0.9023,1.1379,4.4417,1.1248
2018-12-10,0.8909,1.1371,4.4358,1.1299
2018-12-26,0.9004,1.1408,4.4537,1.1312
2018-12-28,0.9007,1.1377,4.4786,1.1279
2018-12-05,0.8906,1.1409,4.3642,1.1348
2018-12-11,0.9025,1.1425,4.4524,1.1295
2018-12-29,0.9027,1.1454,4.4427,1.1227
2019-01-02,0.8945,1.1450,4.4440,1.1269
2019-01-01,0.8945,1.1450,4.4440,1.1269
2018-12-13,0.9014,1.1346,4.3881,1.1286
2018-12-15,0.8984,1.1285,4.4129,1.1254
2018-12-16,0.8984,1.1285,4.4129,1.1254
2019-01-15,0.8926,1.1467,4.2739,1.1258
2019-01-17,0.8859,1.1389,4.2271,1.1269
2019-01-18,0.8826,1.1396,4.2879,1.1312
2019-01-25,0.8709,1.1341,4.2869,1.1283
2019-02-02,0.8789,1.1471,4.2110,1.1396
2019-02-14,0.8755,1.1305,4.2163,1.1371
2019-01-05,0.8999,1.1403,4.2889,1.1256
2019-01-22,0.8830,1.1362,4.2853,1.1343
2019-02-09,0.8749,1.1346,4.2095,1.1357
2019-02-11,0.8749,1.1346,4.2095,1.1357
2019-02-13,0.8771,1.1296,4.2013,1.1381
2019-01-03,0.9017,1.1397,4.3930,1.1239
2019-01-11,0.9042,1.1535,4.2451,1.1276
2019-02-15,0.8795,1.1268,4.2703,1.1370
2019-01-20,0.8813,1.1402,4.2701,1.1331
2019-01-06,0.8999,1.1403,4.2889,1.1256
2019-01-12,0.9002,1.1533,4.2849,1.1327
2019-01-04,0.9031,1.1348,4.2814,1.1219
2019-01-28,0.8658,1.1346,4.2737,1.1310
2019-01-23,0.8800,1.1354,4.2622,1.1326
2019-01-13,0.9002,1.1533,4.2849,1.1327
2019-01-21,0.8813,1.1402,4.2701,1.1331
2019-01-31,0.8734,1.1429,4.2392,1.1403
2019-01-14,0.9002,1.1533,4.2849,1.1327
2019-01-07,0.8999,1.1403,4.2889,1.1256
2019-02-08,0.8775,1.1345,4.2198,1.1357
2019-02-10,0.8749,1.1346,4.2095,1.1357
2019-02-12,0.8762,1.1309,4.2270,1.1351
2019-01-27,0.8658,1.1346,4.2737,1.1310
2019-01-08,0.8972,1.1445,4.2289,1.1227
2019-01-09,0.8972,1.1445,4.2289,1.1227
2019-02-03,0.8789,1.1471,4.2110,1.1396
2019-01-24,0.8721,1.1367,4.3244,1.1335
2019-01-29,0.8689,1.1418,4.2872,1.1331
2019-01-10,0.8991,1.1455,4.2245,1.1230
2019-02-06,0.8780,1.1423,4.1942,1.1436
2019-01-19,0.8813,1.1402,4.2701,1.1331
2019-02-16,0.8794,1.1260,4.1852,1.1340
2019-02-04,0.8789,1.1471,4.2110,1.1396
2019-02-18,0.8794,1.1260,4.1852,1.1340
2019-02-20,0.8719,1.1294,4.2039,1.1351
2019-02-24,0.8726,1.1325,4.2392,1.1346
2019-01-30,0.8674,1.1422,4.2735,1.1352
2019-02-05,0.8768,1.1445,4.2142,1.1421
2019-02-01,0.8758,1.1488,4.2041,1.1409
2019-02-17,0.8794,1.1260,4.1852,1.1340
2019-02-19,0.8762,1.1328,4.2213,1.1361
2019-02-28,0.8550,1.1386,4.2450,1.1354
2019-02-07,0.8787,1.1394,4.2017,1.1394
2019-02-21,0.8695,1.1342,4.2019,1.1342
2019-02-27,0.8606,1.1361,4.2574,1.1371
2019-03-10,0.8591,1.1222,4.3605,1.1324
2019-03-27,0.8533,1.1291,4.3568,1.1222
2019-03-31,0.8583,1.1235,4.3865,1.1181
2019-04-10,0.8634,1.1277,4.3471,1.1270
2019-04-29,0.8634,1.1133,4.4134,1.1372
2019-02-22,0.8681,1.1354,4.2476,1.1367
2019-03-03,0.8597,1.1383,4.3037,1.1363
2019-03-08,0.8588,1.1271,4.3234,1.1355
2019-03-15,0.8523,1.1295,4.3330,1.1351
2019-03-07,0.8597,1.1305,4.2682,1.1360
2019-02-23,0.8726,1.1325,4.2392,1.1346
2019-03-18,0.8542,1.1308,4.3576,1.1360
2019-03-20,0.8555,1.1358,4.2878,1.1353
2019-03-12,0.8624,1.1244,4.3275,1.1349
2019-03-04,0.8597,1.1383,4.3037,1.1363
2019-03-23,0.8589,1.1302,4.3760,1.1243
2019-03-25,0.8589,1.1302,4.3760,1.1243
2019-03-29,0.8556,1.1218,4.4592,1.1185
2019-03-01,0.8584,1.1416,4.2688,1.1335
2019-03-05,0.8578,1.1337,4.2794,1.1352
2019-02-25,0.8726,1.1325,4.2392,1.1346
2019-03-13,0.8615,1.1275,4.3045,1.1369
2019-03-09,0.8591,1.1222,4.3605,1.1324
2019-03-16,0.8542,1.1308,4.3576,1.1360
2019-02-26,0.8683,1.1355,4.2322,1.1351
2019-03-19,0.8566,1.1349,4.3323,1.1360
2019-03-06,0.8636,1.1329,4.2773,1.1341
2019-03-28,0.8512,1.1261,4.4193,1.1196
2019-03-22,0.8665,1.1387,4.2924,1.1309
2019-03-02,0.8597,1.1383,4.3037,1.1363
2019-03-30,0.8583,1.1235,4.3865,1.1181
2019-03-14,0.8588,1.1303,4.3260,1.1373
2019-04-01,0.8583,1.1235,4.3865,1.1181
2019-04-03,0.8600,1.1200,4.3237,1.1195
2019-04-05,0.8542,1.1219,4.3340,1.1207
2019-03-11,0.8591,1.1222,4.3605,1.1324
2019-04-07,0.8594,1.1233,4.3266,1.1235
2019-03-17,0.8542,1.1308,4.3576,1.1360
2019-03-26,0.8564,1.1325,4.4032,1.1237
2019-03-21,0.8628,1.1354,4.3012,1.1338
2019-03-24,0.8589,1.1302,4.3760,1.1243
2019-04-02,0.8566,1.1236,4.3564,1.1180
2019-04-04,0.8539,1.1243,4.3130,1.1206
2019-04-06,0.8594,1.1233,4.3266,1.1235
2019-04-08,0.8594,1.1233,4.3266,1.1235
2019-04-09,0.8618,1.1246,4.3558,1.1245
2019-05-01,0.8625,1.1218,4.4050,1.1437
2019-05-03,0.8593,1.1212,4.4095,1.1419
2019-04-28,0.8634,1.1133,4.4134,1.1372
2019-04-30,0.8634,1.1150,4.3849,1.1379
2019-05-02,0.8625,1.1218,4.4050,1.1437
2019-05-14,0.8635,1.1245,4.4972,1.1319
2019-05-13,0.8625,1.1230,4.4405,1.1378
2019-06-03,0.8869,1.1151,4.4462,1.1214
2019-06-23,0.8943,1.1316,4.3357,1.1107
2019-08-14,0.9235,1.1202,4.4438,1.0921
2019-04-18,0.8659,1.1301,4.4046,1.1400
2019-05-17,0.8746,1.1203,4.4784,1.1306
2019-04-27,0.8634,1.1133,4.4134,1.1372
2019-04-22,0.8647,1.1250,4.4206,1.1383
2019-04-11,0.8608,1.1279,4.3301,1.1280
2019-05-12,0.8625,1.1230,4.4405,1.1378
2019-05-16,0.8682,1.1183,4.4659,1.1276
2019-05-08,0.8565,1.1185,4.4383,1.1415
2019-04-16,0.8631,1.1313,4.3985,1.1345
2019-04-12,0.8617,1.1264,4.3221,1.1304
2019-04-19,0.8647,1.1250,4.4206,1.1383
2019-05-06,0.8579,1.1155,4.4194,1.1383
2019-04-23,0.8647,1.1250,4.4206,1.1383
2019-05-18,0.8760,1.1172,4.5286,1.1283
2019-05-20,0.8760,1.1172,4.5286,1.1283
2019-04-24,0.8645,1.1245,4.4201,1.1470
2019-04-13,0.8629,1.1321,4.3884,1.1326
2019-04-17,0.8639,1.1305,4.3922,1.1371
2019-05-10,0.8612,1.1193,4.4368,1.1390
2019-05-04,0.8579,1.1155,4.4194,1.1383
2019-04-14,0.8629,1.1321,4.3884,1.1326
2019-04-20,0.8647,1.1250,4.4206,1.1383
2019-05-11,0.8625,1.1230,4.4405,1.1378
2019-05-19,0.8760,1.1172,4.5286,1.1283
2019-05-21,0.8762,1.1167,4.5666,1.1263
2019-05-22,0.8761,1.1161,4.5688,1.1274
2019-05-24,0.8810,1.1139,4.5187,1.1224
2019-04-15,0.8629,1.1321,4.3884,1.1326
2019-04-25,0.8655,1.1209,4.3984,1.1416
2019-05-26,0.8832,1.1187,4.5247,1.1215
2019-05-28,0.8823,1.1198,4.4905,1.1257
2019-04-26,0.8644,1.1123,4.4443,1.1368
2019-04-21,0.8647,1.1250,4.4206,1.1383
2019-05-07,0.8547,1.1199,4.4468,1.1403
2019-05-23,0.8828,1.1171,4.5163,1.1252
2019-05-05,0.8579,1.1155,4.4194,1.1383
2019-05-09,0.8610,1.1202,4.4293,1.1407
2019-05-25,0.8832,1.1187,4.5247,1.1215
2019-05-27,0.8832,1.1187,4.5247,1.1215
2019-05-29,0.8837,1.1192,4.5305,1.1254
2019-06-05,0.8874,1.1244,4.3638,1.1178
2019-05-15,0.8672,1.1226,4.4743,1.1307
2019-06-02,0.8869,1.1151,4.4462,1.1214
2019-06-04,0.8862,1.1185,4.3847,1.1162
2019-06-06,0.8863,1.1257,4.3427,1.1163
2019-06-25,0.8937,1.1394,4.3565,1.1109
2019-06-22,0.8943,1.1316,4.3357,1.1107
2019-06-24,0.8943,1.1316,4.3357,1.1107
2019-06-07,0.8856,1.1266,4.3659,1.1174
2019-06-12,0.8909,1.1320,4.3893,1.1233
2019-07-04,0.8975,1.1293,4.3640,1.1116
2019-06-30,0.8966,1.1380,4.3511,1.1105
2019-07-06,0.8970,1.1260,4.2895,1.1126
2019-07-08,0.8970,1.1260,4.2895,1.1126
2019-06-16,0.8909,1.1265,4.3423,1.1211
2019-06-10,0.8868,1.1273,4.3719,1.1191
2019-06-08,0.8868,1.1273,4.3719,1.1191
2019-06-20,0.8902,1.1207,4.3324,1.1176
2019-06-13,0.8881,1.1323,4.3661,1.1252
2019-06-29,0.8966,1.1380,4.3511,1.1105
2019-07-10,0.8998,1.1205,4.2650,1.1137
2019-06-17,0.8909,1.1265,4.3423,1.1211
2019-07-12,0.8979,1.1285,4.2169,1.1114
2019-05-30,0.8823,1.1156,4.4942,1.1217
2019-05-31,0.8818,1.1134,4.4327,1.1228
2019-06-11,0.8925,1.1301,4.3877,1.1200
2019-06-21,0.8916,1.1307,4.3407,1.1142
2019-07-14,0.8979,1.1253,4.2271,1.1087
2019-06-01,0.8869,1.1151,4.4462,1.1214
2019-06-14,0.8895,1.1289,4.3429,1.1207
2019-06-28,0.8943,1.1370,4.3868,1.1121
2019-07-03,0.8944,1.1301,4.3381,1.1169
2019-07-07,0.8970,1.1260,4.2895,1.1126
2019-06-18,0.8921,1.1234,4.3796,1.1214
2019-07-02,0.8972,1.1349,4.3435,1.1141
2019-06-27,0.8960,1.1362,4.3624,1.1113
2019-06-09,0.8868,1.1273,4.3719,1.1191
2019-07-09,0.8963,1.1215,4.2752,1.1127
2019-07-11,0.8993,1.1220,4.2585,1.1133
2019-07-16,0.8987,1.1269,4.2100,1.1071
2019-07-20,0.8964,1.1226,4.1889,1.1033
2019-06-15,0.8909,1.1265,4.3423,1.1211
2019-07-13,0.8979,1.1253,4.2271,1.1087
2019-06-19,0.8940,1.1187,4.3313,1.1175
2019-06-26,0.8949,1.1388,4.3669,1.1108
2019-07-15,0.8979,1.1253,4.2271,1.1087
2019-07-17,0.9026,1.1223,4.2210,1.1075
2019-07-27,0.8963,1.1138,4.2053,1.1053
2019-07-01,0.8966,1.1380,4.3511,1.1105
2019-07-05,0.8973,1.1288,4.3098,1.1120
2019-07-26,0.8896,1.1115,4.1771,1.0989
2019-07-28,0.8963,1.1138,4.2053,1.1053
2019-07-18,0.9034,1.1215,4.2183,1.1095
2019-07-29,0.8963,1.1138,4.2053,1.1053
2019-08-08,0.9235,1.1202,4.4438,1.0921
2019-07-22,0.8964,1.1226,4.1889,1.1033
2019-08-04,0.9151,1.1106,4.2958,1.0931
2019-08-02,0.9115,1.1037,4.2223,1.0988
2019-07-23,0.8997,1.1215,4.1983,1.1007
2019-08-09,0.9235,1.1202,4.4438,1.0921
2019-07-24,0.8983,1.1173,4.1878,1.0985
2019-07-25,0.8914,1.1140,4.1948,1.0982
2019-08-03,0.9151,1.1106,4.2958,1.0931
2019-08-10,0.9235,1.1202,4.4438,1.0921
2019-07-30,0.9044,1.1119,4.2104,1.1037
2019-08-11,0.9235,1.1202,4.4438,1.0921
2019-07-19,0.8985,1.1216,4.2164,1.1064
2019-08-12,0.9235,1.1202,4.4438,1.0921
2019-08-13,0.9235,1.1202,4.4438,1.0921
2019-08-15,0.9235,1.1202,4.4438,1.0921
2019-08-16,0.9235,1.1202,4.4438,1.0921
2019-08-17,0.9235,1.1202,4.4438,1.0921
2019-08-18,0.9235,1.1202,4.4438,1.0921
2019-07-31,0.9165,1.1154,4.2237,1.1038
2019-07-21,0.8964,1.1226,4.1889,1.1033
2019-08-05,0.9151,1.1106,4.2958,1.0931
2019-08-01,0.9162,1.1151,4.2180,1.1041
2019-08-06,0.9188,1.1182,4.3805,1.0893
2019-08-07,0.9183,1.1187,4.4099,1.0919
